<?xml version="1.0" encoding="UTF-8"?>
<project-private xmlns="http://www.netbeans.org/ns/project-private/1">
    <editor-bookmarks xmlns="http://www.netbeans.org/ns/editor-bookmarks/2" lastBookmarkId="1">
        <file>
            <url>src/SafeClient.java</url>
            <bookmark id="1">
                <name/>
                <line>101</line>
                <key/>
            </bookmark>
        </file>
    </editor-bookmarks>
    <open-files xmlns="http://www.netbeans.org/ns/projectui-open-files/2">
        <group>
            <file>file:/C:/Users/stula/OneDrive/Dokumenti/connectedSystemsAndDevices/project/safeCommunication/src/Infrastructure/ServerHomeThread.java</file>
            <file>file:/C:/Users/stula/OneDrive/Dokumenti/connectedSystemsAndDevices/project/safeCommunication/src/InternetSecurity/User.java</file>
            <file>file:/C:/Users/stula/OneDrive/Dokumenti/connectedSystemsAndDevices/project/safeCommunication/src/Infrastructure/ServerPolice.java</file>
            <file>file:/C:/Users/stula/OneDrive/Dokumenti/connectedSystemsAndDevices/project/safeCommunication/src/Infrastructure/EndUserGUI.java</file>
            <file>file:/C:/Users/stula/OneDrive/Dokumenti/connectedSystemsAndDevices/project/safeCommunication/src/Infrastructure/ServerMotion.java</file>
            <file>file:/C:/Users/stula/OneDrive/Dokumenti/connectedSystemsAndDevices/project/safeCommunication/src/Infrastructure/ClientJanez.java</file>
            <file>file:/C:/Users/stula/OneDrive/Dokumenti/connectedSystemsAndDevices/project/safeCommunication/src/Infrastructure/ServerHome.java</file>
            <file>file:/C:/Users/stula/OneDrive/Dokumenti/connectedSystemsAndDevices/project/safeCommunication/src/Infrastructure/ServerCertificateAuthority.java</file>
        </group>
    </open-files>
</project-private>
